IUVFONULINNI,BURVDUZNZUUZIFFPNRUU,20190605235956,002,000,IU
LIORRRRLVLO,BNFVZNRLZPIRV,20190605110023,002,000,LI
ILFZZLVRVLO,BNFVZNLOUURRU,20190605110023,002,000,IL
ZFOZIRNNF,BNUUZNOONZPFR,20190605110023,002,000,ION
VIVPNIUNI,BNUUDUZNVLFVIVLNLPOU,20190605110022,002,000,ION
VNNVUFZUP,BURVZNRVIUFFV,20190605110022,002,000,ION
VNUNZVPUN,BNUUZNZZNZRZL,20190605110022,002,000,ION
INFONVNURFV,BURVZNFNIPIOZ,20190605110022,002,000,IN
LNRFONUZPIU,BURVDUZNZUUZILRFUFNI,20190605110021,002,000,LN
VNNZIZZUU,BURVZNNIULIRO,20190605110021,002,000,ION
IOZPRZPIOURF,BURVZNNIUOUVP,20190605110021,002,000,IOZ
ZNFRLOZLF,BNFVZFURNIVIF,20190605110021,002,000,ION
VNNVVURUU,BNUUZNPVLLLOR,20190605110021,002,000,ION
ZNLPIINRI,BNFVZNIOLUZZP,20190605110020,002,000,ION
IIFVNULULZZ,BNFVZNZFPVVPF,20190605110020,002,000,II
ZNIUIVPZF,BNFVZNRPRFFOZ,20190605110020,002,000,ION
INFIPUZRUUO,BNFVZNNIUFLLU,20190605110019,002,000,IN
VNNVVURUU,BNUUZNPVIZVIZ,20190605110019,002,000,ION
VNUILIRRO,BNUUZNOZIIRZF,20190605110019,002,000,ION
IZILZUOPRPVI,BURVZNULZLPRZ,20190605110018,002,000,IZ
VNUNZVPRN,BNUUZNLRNVFZZ,20190605110018,002,000,ION
ZFFPNOFFL,BNFVZFVIORPLR,20190605110017,002,000,ION
ILZILLRPNUU,BNFVZNVIFNPII,20190605110017,002,000,IL
VNUIOVOPR,BNUUZNRORZNIL,20190605110017,002,000,ION
ZNVZNROFL,BNFVZNRROOURN,20190605110017,002,000,ION
LZFILNZLUFVR,BNFVZNNIUZFZU,20190605110016,002,000,LZ
VNULPOOUU,BNUUZNVFIZZZL,20190605110016,002,000,ION
VZOLUIVUU,BNUUDUZNVLOVZOVULNZU,20190605110016,002,000,ION
VNIVINLFU,BNUUZNRRVOOUZ,20190605110016,002,000,ION
NVUNFFOOFPP,BNUUZNFNIRUPV,20190605110015,002,000,NVUN
ZFOZOORZL,BNUUDUZNZUUZFFNUOVLZ,20190605110015,002,000,ION
VRNUUURUVIO,BNFVZNNIUOVZP,20190605110015,002,000,VR
ILFZVLFNOOV,BNFVZNRNPUNRN,20190605110014,002,000,IL
VNNVVURUU,BNUUZNPULVZZF,20190605110014,002,000,ION
VNULPOOUU,BNUUZNRPNFLRR,20190605110014,002,000,ION
ZIFOLUURZ,BNUUDUZNZUUZFIONPVFP,20190605110014,002,000,ION
INFNOIZILZO,BNFVZNNIUFVUN,20190605110013,002,000,IN
ZFOZIRNZR,BNUUZNZIRIIPO,20190605110013,002,000,ION
IINFZFLZRFU,BURVDUZNVFNVRVIIZUUU,20190605110013,002,000,II
ZNIFNVVNP,BNFVZNNFFLPUU,20190605110012,002,000,ION
VNNVVURUU,BNUUZNRPZNUUN,20190605110012,002,000,ION
VNNVVURUU,BNUUZNRRPULIZ,20190605110012,002,000,ION
ZNUPFRFLO,BNFVZNNIUFPRV,20190605110012,002,000,ION
IUPPNNPIP,BNFVZFRPOPINO,20190605110011,002,000,ION
ZIVOULVZL,BNFVZNLZNUZFR,20190605110011,002,000,ION
ZIINZFLIL,BNFVZVFFVRFLZ,20190605110011,002,000,ION
LLVUIVPFOIRU,BURVVNNZOUOUU,20190605110010,002,000,LL
RUROUVOIN,BURVZNVUZNFLR,20190605110010,002,000,ION
ZNRLIFPZF,BNFVFUZNVRULZPV,20190605110010,002,000,ION
IOZIRLVILIO,BNFVZNRNLLVUN,20190605110010,002,000,IOZ
VNNLOUIZR,BNFVZFUIRFRIR,20190605110009,002,000,ION
ZFLFZOUZL,BNFVZFINOFFNU,20190605110009,002,000,ION
VNUIOVOPR,BNUUZNZPVFPZF,20190605110009,002,000,ION
VNNVUFZUP,BNUUZNRFRPLIP,20190605110009,002,000,ION
VNNVVURUU,BNUUZNPORPNLF,20190605110009,002,000,ION
LZNRRLLOLVZN,BNFVZNNIUOZUR,20190605110008,002,000,LZ
ZNLPILLNV,BURVDUZNZUUZFVZVFRUV,20190605110008,002,000,ION
VNUIOVOPR,BNUUZNPFPNPRV,20190605110008,002,000,ION
ZNVUUVIOU,BNFVZNNFFLPUU,20190605110007,002,000,ION
VNUINRZFF,BNUUZNUUPPIIN,20190605110007,002,000,ION
ZFOZIRNNF,BNUUZNZFOZUFO,20190605110007,002,000,ION
ZVFOVIVZF,BNFVZFOUUILFZ,20190605110006,002,000,ION
VNUINRUFI,BNUUZNLNNPZFI,20190605110006,002,000,ION
VNVFFNLLRRPZ,BNFVZFUZNLIUZ,20190605110006,002,000,VNV
ILFUUOUZOZF,BURVZNPROIVLL,20190605110005,002,000,IL
IIFZZZFURUN,BNFVZNNIUZIZZ,20190605110005,002,000,II
IIFLLFRLRPI,BNFVZIUNILPVF,20190605110005,002,000,II
VNUIOVOPR,BNUUZNZZPFPUP,20190605110005,002,000,ION
ZFLIZLNVF,BNFVZNLLLPRZF,20190605110005,002,000,ION
ZFFNVZIPZ,BNFVZFUZRUUVVN,20190605110004,002,000,ION
VVFUPOIUU,BNUUZNZVUZIZO,20190605110004,002,000,ION
VVNLOURVV,BNUUZNZIVNZPV,20190605110004,002,000,ION
VFPLLZNOR,BNFVZFZUZUPLO,20190605110003,002,000,ION
ZVUULONFF,BNFVZVULFPPFI,20190605110003,002,000,ION
ZVRZOZPLZ,BURVZNFVRZZIL,20190605110003,002,000,ION
VFZVLUUUZ,BNUUZNVORVZZZ,20190605110003,002,000,ION
ZNRRPVUNF,BNFVFUZNIRLPLFL,20190605110002,002,000,ION
VNOZRFRUZ,BNUUZNFVFRORZ,20190605110002,002,000,ION
VNUIUPVRN,BNUUZNOUUVOPN,20190605110002,002,000,ION
VNUIOVOPR,BNUUDUZNZUUZVOFVIVZF,20190605110002,002,000,ION
IZIVPPUOFILF,BNFVZNNIUOVVV,20190605110001,002,000,IZ
ZIINLNNZP,BNUUZNFNNVOFV,20190605110001,002,000,ION
VNUIUVUVF,BNUUZNPNLPNRZ,20190605110001,002,000,ION
ILFOIPZVLNO,BNFVZFFOIFLFL,20190605110001,002,000,IL
ZFIVNVURF,BNFVZNLVVRIPU,20190605110000,002,000,ION
VVNLOURVU,BNUUZNFNLFUUL,20190605110000,002,000,ION
ILFFNLILIPP,BNFVZFNFZOVZO,20190605110000,002,000,IL
VNNVNNRFL,BNUUZNOIRPZFO,20190605105959,002,000,ION
ILFVPLVOUOL,BNFVZFIRLPRLO,20190605105959,002,000,IL
IZIPPLIIVNIZ,BNFVZNOVFNULU,20190605105959,002,000,IZ
ZNIOLROZL,BNFVZNFFLZPZN,20190605105959,002,000,ION
INFILNFNPZL,BNFVZNNIUPINI,20190605105958,002,000,IN
IZILZUOPRPVI,BNFVZIUNVUIVV,20190605105958,002,000,IZ
VNUNZVPUN,BNUUZNRPVZOOL,20190605105958,002,000,ION
ILFPZVVPZZP,BNFVZFRPFRZRP,20190605105957,002,000,IL
LLRZRIVFOVFU,BNFVZNNIULZRU,20190605105957,002,000,LL
ZFOZIRNZR,BNUUZNLVNVFVR,20190605105957,002,000,ION
RUROUVFIV,BURVZNZILNPPP,20190605105956,002,000,ION
IIFUZNOFZOL,BNFVZNNIULZZN,20190605105956,002,000,II
VNIZINIRU,BNUUZNZOFUFFV,20190605105956,002,000,ION
VNUIOVOPR,BNUUZNZLRVRZR,20190605105956,002,000,ION
VNUIOVOPR,BNUUZNZOUOZPZ,20190605105956,002,000,ION
ILFVPOFPILV,BNFVZNLPIUUPO,20190605105956,002,000,IL
VNNNVNPLF,BURVDUZNVLFVILFVVZNU,20190605105955,002,000,ION
LLRLVNZZOIPZ,BNFVZFURNPIZU,20190605105955,002,000,LL
VNUIOVOPR,BNUUZNZOVZRPZ,20190605105955,002,000,ION
IUUIUNFUN,BNUUZNNRUPOUP,20190605105955,002,000,ION
ZFRVUNLVU,BNFVZFVPZFFII,20190605105954,002,000,ION
VRFIUUZUU,BNUUDUZNVLOVRFONVIUN,20190605105954,002,000,ION
VNUIOVOPR,BNUUZNRFVFZFU,20190605105954,002,000,ION
LNRPFORVPIZ,BURVZNIIFNZLZ,20190605105953,002,000,LN
VLLZVIIVINZU,BNFVZNNIULZUO,20190605105953,002,000,VLL
VNZZVFFNF,BNFVZFZVNFOIU,20190605105953,002,000,ION
ZIOZZNLLL,BURVDUZNZUUZFVINZRLF,20190605105952,002,000,ION
VNUIFZZUV,BNUUZNPIFPOUP,20190605105952,002,000,ION
VNUIOVOPR,BNUUZNRFFNPFO,20190605105952,002,000,ION
IOIPFRRPLLRO,BNFVZNNIUZZNP,20190605105952,002,000,IOI
ZNPONLVRZ,BNFVZNLFOFNIU,20190605105951,002,000,ION
ZNLVOZNRP,BNFVZNRPPRPVZ,20190605105951,002,000,ION
VNUIIULUF,BNUUZNVLVOLUO,20190605105951,002,000,ION
RZOPRFNROFF,BNFVZFURIIPRF,20190605105950,002,000,R
VIPUUFUUN,BNUUDUZNVLFVVRLRNZOF,20190605105950,002,000,ION
VNUIOVOPR,BNUUZNRNIOZUZ,20190605105950,002,000,ION
VNUNZVPUN,BNUUZNZVNZLLU,20190605105950,002,000,ION
IPNFIPUZPZFF,BURVZNNIUPZNL,20190605105949,002,000,IPN
ZNOZRUIRL,BNFVZNZNUURUP,20190605105949,002,000,ION
VNUIOVOPR,BNUUZNZUUVRVU,20190605105949,002,000,ION
IIROINNORIN,BURVZNNIUPNPP,20190605105949,002,000,II
INFIFUVOZOU,BNFVZNLLUIINN,20190605105948,002,000,IN
ZNIZLOPUV,BNFVZNZOPUIOI,20190605105948,002,000,ION
VNUIOVOPR,BNUUZNZNIUUPZ,20190605105948,002,000,ION
VNUIVUOVI,BNUUZNONOOFFR,20190605105948,002,000,ION
IVLRPZZLVPF,BNFVZNNIUPLZZ,20190605105947,002,000,IV
ZNOVLNINZ,BNFVZNFUPZPZL,20190605105947,002,000,ION
VNUIFZZUV,BNUUZNRZOOFNI,20190605105947,002,000,ION
ZIINLNNZP,BNUUZNRPFLLNZ,20190605105947,002,000,ION
ZIOFPRVLU,BNFVZFUZRURNON,20190605105946,002,000,ION
VVILLZRFUZP,BNFVZNIPRLINR,20190605105946,002,000,VVI
ZFFURVLPL,BNFVZNPOFUZUN,20190605105946,002,000,ION
VNUIOVOPR,BNUUZNZFOZZRL,20190605105946,002,000,ION
VNUIOVOPR,BNUUZNPFINVLO,20190605105946,002,000,ION
IUPPUFIVV,BNFVZFORIRORU,20190605105945,002,000,ION
ZNZFZVORV,BNFVZNIFRNPPL,20190605105945,002,000,ION
LLNLNVPUZULZ,BNFVZNNIUPRPL,20190605105945,002,000,LL
VNUIOVOPR,BNUUZNRUOZIVU,20190605105945,002,000,ION
ZFPFPNFVU,BNFVFUZNFLUVRVF,20190605105945,002,000,ION
ZNUUNORUO,BNFVZNIUUPFVI,20190605105944,002,000,ION
IIFZPZUVFFU,BNFVZNNFFLPUU,20190605105944,002,000,II
LFRIPVRNFVO,BNFVZNVPVLOVP,20190605105944,002,000,LF
ILFFROZPLVL,BNFVZFVOIINUU,20190605105944,002,000,IL
ZNIVNLVNO,BNFVZFRNZRPRZ,20190605105943,002,000,ION
LFPNVLNUIRP,BNFVZFNORPNPN,20190605105943,002,000,LF
VNUIOVOPR,BNUUZNFZRORFV,20190605105943,002,000,ION
IIFNUFIIONZ,BURVDUZNZUUZFOUIOPUO,20190605105942,002,000,II
IINOOLVRPRP,BNFVZNNIULNPI,20190605105942,002,000,II
ILFRRLUPNNN,BURVDUZNZUUZIIUVZNUL,20190605105942,002,000,IL
VNUNZVPUN,BNUUZNFRNFLIZ,20190605105942,002,000,ION
VNNNVNPLF,BURVDUZNVLFVILFVVZNU,20190605105941,002,000,ION
VNNVNFNIO,BURVZNFPPVIPZ,20190605105941,002,000,ION
ZFOZIRNNF,BNUUZNFZNFFRO,20190605105941,002,000,ION
ZNFPOINPN,BNFVZFOUOZVZP,20190605105940,002,000,ION
LFPNVLNUIRP,BNFVZFNORPNPN,20190605105940,002,000,LF
IOIPRRZILFUP,BNFVZNNIUFINU,20190605105940,002,000,IOI
VNULPOOUU,BNUUZNZZZIUIV,20190605105940,002,000,ION
VNUIOVOPR,BNUUZNFZLLNZU,20190605105940,002,000,ION
VIVNPNNZZ,BNUUVIVUZPZFZ,20190605105939,002,000,ION
LFPNVLNUIRP,BNFVZFNORPNPN,20190605105939,002,000,LF
ZNVNPIPIP,BNFVZNOZFZZPZ,20190605105939,002,000,ION
VNUIOVOPR,BNUUZNRUPIIUZ,20190605105939,002,000,ION
VLLZIRPVOOOZ,BNFVZNNIUPIFO,20190605105938,002,000,VLL
VNZNUPVUU,BNUUZNRVNVIPI,20190605105938,002,000,ION
ILFLROPPIRU,BNFVZNNIUFRNN,20190605105938,002,000,IL
ZNIFNVVNP,BNFVZNVNOPPUR,20190605105937,002,000,ION
ZNZFVUFUU,BNFVZFFUPUIFZ,20190605105937,002,000,ION
ZIINLNNZP,BNUUZNULLILLN,20190605105937,002,000,ION
VNNZIZZUU,BURVZNNIUOZPR,20190605105937,002,000,ION
ZNRVONROO,BNFVFUZNNPRNNOP,20190605105936,002,000,ION
IZIVPPIZVFIZ,BNFVZNNIUZOUL,20190605105936,002,000,IZ
ZIINLNNZP,BNUUZNZLPNRUF,20190605105936,002,000,ION
VNUIOVOPR,BNUUZNRULOZPN,20190605105936,002,000,ION
IUUIUNFUN,BNUUZNPRLVUIP,20190605105936,002,000,ION
ZNZNINNUI,BNFVZNRVUVOUR,20190605105935,002,000,ION
VNUINFVRL,BNUUZNLUZPINL,20190605105935,002,000,ION
ZNVUUVIOU,BNFVZNZPPVRUP,20190605105935,002,000,ION
VNUIOVOPR,BNUUZNRUPIRLR,20190605105935,002,000,ION
ZNRNLUNVP,BNFVZFNPNFZUU,20190605105934,002,000,ION
LFPNVLNUIRP,BNFVZFNORPNPN,20190605105934,002,000,LF
IZIIORUVNNVF,BNFVZFUZNZNRO,20190605105933,002,000,IZ
VNNNVNPLF,BURVDUZNVLFVNZVFFPOU,20190605105933,002,000,ION
LFPNVLNUIRP,BNFVZFRPVZILN,20190605105933,002,000,LF
LNRFVINIROV,BURVZNNIURPRZ,20190605105932,002,000,LN
ZFFZLZUVU,BNFVZFUZRRVFZZ,20190605105932,002,000,ION
IIRPPUUFLPZ,BNFVZNNZRLNUR,20190605105932,002,000,II
VNUINNRVL,BNUUZNULLLZNU,20190605105932,002,000,ION
VNUIOVOPR,BNUUZNRUIVUUI,20190605105932,002,000,ION
ILFUPRROFRN,BNFVZNRVONLOZ,20190605105931,002,000,IL
VNUIOVOPR,BNUUZNRUIVLFL,20190605105931,002,000,ION
LLRRPZUULORF,BNFVZNNIUFPLP,20190605105931,002,000,LL
VNNVVLPUU,BNUUZNULLLZRF,20190605105931,002,000,ION
VNUIOVOPR,BNUUZNFZZRNPV,20190605105931,002,000,ION
LFPNVLNUIRP,BNFVZFNORPNPN,20190605105930,002,000,LF
ILFUZNVIFFV,BURVDUZNZUUZILRFPPNV,20190605105930,002,000,IL
VNUIIULUF,BNUUZNFNOVPOO,20190605105930,002,000,ION
IOIRLZNRRRZI,BNFVZFUZNPPLL,20190605105929,002,000,IOI
VNIPIFUUU,BNUUDUZNZUUZIZZORVVU,20190605105929,002,000,ION
VNNVVURUU,BNUUDUZNZUUZFNROVNLF,20190605105929,002,000,ION
ZNVZLFLON,BNFVZNPUZRVLI,20190605105928,002,000,ION
LLVUIZURLVUN,BNFVZNNIULPZF,20190605105928,002,000,LL
ZVUULONFF,BNFVZVULFPPFI,20190605105928,002,000,ION
PUPVUURZV,BURVZNFVFOOFL,20190605105928,002,000,ION
VNNLONLOV,BNUUZNPFLORZV,20190605105927,002,000,ION
VNUIFZZUV,BNUUZNPLIIVRL,20190605105927,002,000,ION
VNUIOVOPR,BNUUZNIZIUZIO,20190605105927,002,000,ION
ILZNUPPLFFL,BURVDUZNZUUZIVOOZIFO,20190605105926,002,000,IL
LURVZPFLROP,BNFVZNNIUOOUN,20190605105926,002,000,LU
VNUIOVOPR,BNUUDUZNZUUZIPPUPOUV,20190605105926,002,000,ION
ZNUPNLFRO,BNFVZNFPUFLOF,20190605105925,002,000,ION
IIIVUUZPLII,BURVVVNNUNNOZ,20190605105925,002,000,II
VNOZRFRUZ,BNUUZNOVRLFIZ,20190605105925,002,000,ION
IUVINURPPIUR,BURVZVUVVPLOO,20190605105925,002,000,IU
ZNULZFUIF,BNFVZNPNLLFFP,20190605105924,002,000,ION
VOVFNFZLPIPR,BNFVZNNIURILZ,20190605105924,002,000,VOV
ILFRUZFZFFR,BURVDUZNVLFVIPFUIUNL,20190605105923,002,000,IL
IIFFIOZFZZZ,BNFVZNNIUONIP,20190605105923,002,000,II
ZNRVOVIFI,BNFVZFNIZZOVF,20190605105922,002,000,ION
VVOIRNZUZ,BNFVZNZOVLOUF,20190605105922,002,000,ION
ILZLILNIZNR,BNFVZNNIUPINV,20190605105922,002,000,IL
VNUIOVOPR,BNUUDUZNZUUZIFNRVZZO,20190605105922,002,000,ION
LZNRVRLIIPON,BNFVZNNIUOOUO,20190605105921,002,000,LZ
IOILVZILOVVV,BURVZNZZZPZPO,20190605105921,002,000,IOI
LURLLNUIFFN,BNFVZNVNLFZUL,20190605105921,002,000,LU
IOIPORNNPZRO,BNFVZNNIURNFO,20190605105920,002,000,IOI
VNNLONOFU,BNUUDUZNZUUZFNNPVOIZ,20190605105920,002,000,ION
VNUIUVUVF,BNUUZNFOZUNLP,20190605105920,002,000,ION
ZFIUFFNLI,BNFVZFVRIVOOV,20190605105920,002,000,ION
LZNRRUZFRLVU,BNFVZNIFUURUV,20190605105919,002,000,LZ
LLNRRIZVOIZV,BNFVZNNIUOZZU,20190605105919,002,000,LL
VNNVNNRFL,BNUUZNVULZNRF,20190605105919,002,000,ION
VNNVVURUU,BNUUDUZNZUUZILVUOPUO,20190605105919,002,000,ION
ILZIILIOLNU,BURVZNVUUFRZZ,20190605105918,002,000,IL
IOZPZZPUOIRF,BURVZNNIUZVUN,20190605105918,002,000,IOZ
RZUVVLUIVPN,BURVZNNIUZFFZ,20190605105917,002,000,R
VNUILRPLO,BNUUZVULUPOZI,20190605105917,002,000,ION
IIFNRRVULFF,BNFVZNNNRPFLV,20190605105917,002,000,II
ZNVOFUNIU,BNFVZNZLFFPVZ,20190605105916,002,000,ION
ILZFOUVUUUN,BNFVZVOLULZNV,20190605105916,002,000,IL
ZIINLNNZP,BNUUZNNZVVVUL,20190605105916,002,000,ION
ZNZOVPZIZ,BNFVZFUZRUFINO,20190605105915,002,000,ION
VVFURONUI,BNUUZNUULRRIV,20190605105915,002,000,ION
LFPNVLNUIRP,BNFVZFNLZPVNV,20190605105915,002,000,LF
VNNVVURUU,BNUUDUZNZUUZIIRVVZIZ,20190605105915,002,000,ION
IUVNULZUVZPP,BNFVZVLLFVPPO,20190605105914,002,000,IU
VNUIOVOPR,BNUUZNUFFZFNU,20190605105914,002,000,ION
IZUIIVLVFIOR,BNFVZNVRRRUNO,20190605105914,002,000,IZ
ILFFVZNRFFV,BNFVZNNIULNPZ,20190605105914,002,000,IL
IIFURIONFZO,BNFVZNNOUPNRO,20190605105913,002,000,II
VNOZRFRUZ,BNUUZNLOZNPPN,20190605105913,002,000,ION
VOPNUURNU,BNUUZNZZPVPZR,20190605105912,002,000,ION
LFPNVLNUOVI,BURVDUZNZUUZFPFPFVVP,20190605105912,002,000,LF
VNNVVURUU,BNUUDUZNZUUZIVRNNIPR,20190605105912,002,000,ION
IZIVZLIIPZZZ,BNFVZNNIUOVRN,20190605105912,002,000,IZ
IIFUROUVIUF,BNFVZNNIULNZL,20190605105912,002,000,II
LLRZNIILIPII,BNFVZNNIURLPR,20190605105911,002,000,LL
VNUIOVOPR,BNUUZNVLIFORN,20190605105911,002,000,ION
ILFFZVVIZRP,BNFVZNLUVROFZ,20190605105911,002,000,IL
IIFUIZULNRF,BNFVZNIIFZFUP,20190605105910,002,000,II
LFPNVLNUIRP,BNFVZFLNZVNON,20190605105910,002,000,LF
IPURINRRLPLV,BURVZNNIULVFU,20190605105910,002,000,IPU
ZNONLFIFF,BNFVZNVVNNZVR,20190605105910,002,000,ION
ZFIUROLNZ,BURVZNFPPFNNZ,20190605105909,002,000,ION
INFLURNLNOO,BNFVZNNIULOOZ,20190605105909,002,000,IN
VNINVIVUU,BURVZNVZVNOLU,20190605105909,002,000,ION
ZIZRZFUNP,BURVZNVLNNVFU,20190605105908,002,000,ION
LLVUROIFURRR,BNFVZFLLIZNNR,20190605105908,002,000,LL
VNUIOVOPR,BNUUZNUFORRIU,20190605105908,002,000,ION
ILFRFORULUL,BNFVZNNIUFFFL,20190605105907,002,000,IL
VOOZNNULV,BNUUZNRLZNIOU,20190605105907,002,000,ION
VIZLZRORU,BNFVZNUONIZPF,20190605105907,002,000,ION
ILFZZRZZZIN,BNFVZFURNLZFV,20190605105906,002,000,IL
ZIPIUVUPF,BNFVZNNIURZRR,20190605105906,002,000,ION
VNUIOVOPR,BNUUZNUNZIUOL,20190605105906,002,000,ION
VNUIUVLLV,BNUUZNZUNPZLL,20190605105906,002,000,ION
VOOLZURPU,BNFVZNZPRVIOL,20190605105905,002,000,ION
IIROVFVVION,BNFVZNNIURUPO,20190605105905,002,000,II
ILFNPIIIOZU,BNFVZNNIUOVVF,20190605105905,002,000,IL
IIRPNZNIPRP,BNFVZNNIUPPOV,20190605105905,002,000,II
ZNNPNIPIP,BNFVZNORIZPRN,20190605105904,002,000,ION
VNNVVURUU,BNUUZNZZUPLPL,20190605105904,002,000,ION
ZNUUUIZVP,BNFVZNNFFLPUU,20190605105904,002,000,ION
ZIRIUNUVV,BNFVZNNFFLPUU,20190605105903,002,000,ION
VINVUUOUU,BNFVZNFVIULNR,20190605105903,002,000,ION
IZIZIZIPRFUN,BURVZNNIUFRPN,20190605105903,002,000,IZ
ZNNZUNLNO,BNFVZNNFFLPUU,20190605105902,002,000,ION
ZNOLLVOIZ,BNFVZNZUZNFOR,20190605105902,002,000,ION
IIFROOURIUO,BNFVZNNIUPZZZ,20190605105902,002,000,II
ZNPRNPRRU,BNFVZFFPOFONO,20190605105901,002,000,ION
ZIIRVRPOP,BNFVZNNFFLPUU,20190605105901,002,000,ION
ILFUO,BNFVZNNIUFNNP,20190605105901,002,000,ION
ZNPZVUFIL,BURVZNFNPRIIF,20190605105901,002,000,ION
ZNPOUUFFF,BNFVZNPOUUFVU,20190605105901,002,000,ION
IIFUVIRPIVN,BNFVZFRZRIVRI,20190605105900,002,000,II
IUVVPZUVPZNU,BURVDUZNVLOVFIFOIRRL,20190605105900,002,000,IU
VNUIOVOPR,BNUUZNZLONIRO,20190605105900,002,000,ION
ILFRRIPZONP,BNFVZVOUOLFUL,20190605105900,002,000,IL
ZNVVRLVRN,BNFVZNFNIUPVN,20190605105859,002,000,ION
VNNVVURUU,BNUUDUZNZUUZIVPNNFVI,20190605105859,002,000,ION
ZNROLIZUI,BNFVZNIIRILNF,20190605105859,002,000,ION
LZNONLONFNFNR,BNFVZNRFLRFFI,20190605105858,002,000,LZ
ZNIOPLUFF,BNFVZNIRRUONV,20190605105858,002,000,ION
IUUIUNFUN,BNUUDUZNZUUZIOFNUUNU,20190605105858,002,000,ION
LZNRVLVVPFZL,BNFVZFUFNZFIO,20190605105858,002,000,LZ
VNUILLPUN,BNUUZNZFVNONP,20190605105858,002,000,ION
ZNPUFPLVZ,BNFVZNOVLIPPZ,20190605105857,002,000,ION
LZNRILFOIOZZ,BNFVZNNIUZPPZ,20190605105857,002,000,LZ
ZNOUUIZNP,BNFVZNLPLNNFZ,20190605105857,002,000,ION
ZRVOUPFRPRFF,BURVZNNIULPPP,20190605105857,002,000,ZRV
IIFNLRPULFN,BNFVZNNIUPLVU,20190605105856,002,000,II
LZNRIFRVOFLP,BNFVZNNIUZUOL,20190605105856,002,000,LZ
VNVPRZUUU,BNUUZNVFULNLI,20190605105856,002,000,ION
ILFFVZZUZNN,BURVZNNIUZILZ,20190605105855,002,000,IL
ZNOLVLOPO,BNFVZVRPIZZRP,20190605105855,002,000,ION
ILFOZIFPPLF,BNFVZNNIULOVL,20190605105854,002,000,IL
INFNNOVLPVI,BNFVZNZLVFURL,20190605105854,002,000,IN
ZNZIUIOPU,BNFVZNZIUIZON,20190605105853,002,000,ION
IUPPUOULP,BNFVZNPRLOOFZ,20190605105853,002,000,ION
ZIVLUNZUL,BNUUZNZZZVVNO,20190605105853,002,000,ION
ZNLURLVFL,BNFVZNNNFLZIR,20190605105852,002,000,ION
ZFZOFIILL,BNFVZNNFFLPUU,20190605105852,002,000,ION
ZNLNONRZV,BNFVZNNFFLPUU,20190605105852,002,000,ION
ILZNNLOZIFP,BNFVZNNIUZZPI,20190605105851,002,000,IL
VNUIOVOPR,BNUUZNRZIONVP,20190605105851,002,000,ION
VNUIOVOPR,BNUUZNRPPOFRZ,20190605105851,002,000,ION
ILFUZUVRRPR,BNFVZNZZIULOV,20190605105851,002,000,IL
ZVFVLRRRI,BNFVZFFPOUZRL,20190605105850,002,000,ION
VLLPUVRRI,BNFVZFOVIIOVO,20190605105850,002,000,ION
ZFOZOORZL,BNUUZNLVLFVOP,20190605105850,002,000,ION
VNNZIZZUU,BURVZNNIULIOO,20190605105849,002,000,ION
LLRPILVLUIFZ,BNFVZFUPILUOZ,20190605105849,002,000,LL
LLRRRVFRNLZF,BNFVZNNIURNZI,20190605105849,002,000,LL
VNIINILVU,BNFVZNROVZVOO,20190605105849,002,000,ION
IUUOUFVFO,BURVZNUULRIIL,20190605105848,002,000,ION
VNIINILVU,BNFVZNFRPRPUV,20190605105848,002,000,ION
INFLLVFUUUZ,BNFVZNPZRIFIL,20190605105848,002,000,IN
VRLLPRLFPRR,BNFVZNNIUPVVI,20190605105847,002,000,VR
VNUIOVOPR,BNUUZNRNFFOPI,20190605105847,002,000,ION
VNUIFZZUV,BNUUZNRIVRVFR,20190605105847,002,000,ION
ZNLVRIIZN,BNFVZNPZOPNZU,20190605105846,002,000,ION
ZIVPVLPII,BNFVZNUNRROFV,20190605105846,002,000,ION
VNUNZVPRN,BNUUZNLVIOLON,20190605105846,002,000,ION
IOVFZNPIOUON,BURVZNULZZULO,20190605105846,002,000,IOV
LLRRNNUIOIUI,BNFVZFURNILRO,20190605105845,002,000,LL
LIFFLPOZZZIF,BNFVZFURIFVPR,20190605105845,002,000,LI
IINLRIPLVLZ,BURVVNUZOPNNU,20190605105844,002,000,II
ILFPROPPIFP,BNFVZNNIUPPLI,20190605105843,002,000,IL
IUPPULIZN,BURVZNRUNLLRN,20190605105843,002,000,ION
IOIVNLVOZVUU,BURVZNPLFVLRI,20190605105843,002,000,IOI
VVFURONUI,BNUUZNFLULNUR,20190605105843,002,000,ION
VNUIOVOPR,BNUUZNFVPNNFF,20190605105843,002,000,ION
VLLPNRRZU,BNUUDUZNVLOVLLPILOLP,20190605105842,002,000,ION
ZNVPUINPP,BNFVZNVZPRNVZ,20190605105842,002,000,ION
VNNVVURUU,BNUUZNRPRVOLF,20190605105842,002,000,ION
ZFLNFZOOP,BNFVZFUZRURZZP,20190605105841,002,000,ION
INFNNUIVNUL,BNFVZNZPUIPNI,20190605105841,002,000,IN
VVUIUZPRN,BNUUZNURZLPNR,20190605105841,002,000,ION
VILPUIONORRIL,BURVZVULNPZIP,20190605105840,002,000,VIL
VRFFLRPUFLF,BNFVZNOZZVZIV,20190605105840,002,000,VR
VNUIUVUVF,BNUUZNNPRUVIF,20190605105840,002,000,ION
IOVFVNLFVZRU,BNFVZNLUNNIPL,20190605105839,002,000,IOV
ILFNFZLPRFF,BNFVZFVZZPPOR,20190605105839,002,000,IL
ZNLNNVFPI,BNFVFUZNFPRPPOV,20190605105839,002,000,ION
ZIFLZRPRR,BNFVZNNFFLPUU,20190605105838,002,000,ION
INFOONFLVNU,BNFVZNNIUZFFN,20190605105838,002,000,IN
ZFPFOLILI,BNFVZFUZRUFLLN,20190605105838,002,000,ION
VNUIOVOPR,BNUUZNNZNIFUF,20190605105838,002,000,ION
VNUIOVOPR,BNUUZNIZILUUV,20190605105838,002,000,ION
ZNZZUPNPV,BURVZNRLIIUII,20190605105837,002,000,ION
VNNLOLUUU,BNUUDUZNZUUZVRZFRUIV,20190605105837,002,000,ION
VNNVVURUU,BNUUZNFFZNZRU,20190605105837,002,000,ION
VNNVVURUU,BNUUZNRFZNPNN,20190605105837,002,000,ION
VNPFLOIVO,BNUUZNRUONPUV,20190605105837,002,000,ION
VVUIUZRUZ,BNFVZNZZFZLFZ,20190605105836,002,000,ION
ZIINLNNZP,BNUUZNVONLONN,20190605105836,002,000,ION
IOIPFNUVIIUV,BNFVZFUZNLZLU,20190605105835,002,000,IOI
ZIZUFUNPP,BNFVZNPLFROIL,20190605105835,002,000,ION
ZFRVNNLLR,BNFVZNIRPRZZN,20190605105835,002,000,ION
LNRZVPROPNL,BURVZNNIUFLFU,20190605105834,002,000,LN
ILFNPPURNIV,BNFVZNZPLUOPN,20190605105834,002,000,IL
VNUIIFRRI,BNUUZNPZLFVZP,20190605105834,002,000,ION
ZNILOIRNR,BNFVZNILOIRNF,20190605105833,002,000,ION
ILZRFOIZVUU,BNFVZNUNNNUPI,20190605105833,002,000,IL
IRNVZNRZVLP,BNFVZNNIUORIZ,20190605105833,002,000,IRN
LNRPFNPOOVI,BURVZNNIUFPPR,20190605105833,002,000,LN
NRFURUOPPPP,BNFVZNZLZINFP,20190605105832,002,000,NRFU
VIZLIPZUF,BNFVZVORUULPZ,20190605105832,002,000,ION
VNUILZFVF,BNUUZNLORPIRR,20190605105832,002,000,ION
ZILPVINNF,BNFVZNPLIVRZR,20190605105831,002,000,ION
LFRIIOVIFUR,BNFVZNNIULLIP,20190605105831,002,000,LF
LZNRIOLLPVRO,BNFVZFPUVRUIP,20190605105831,002,000,LZ
VNUIOVOPR,BNUUZNLRLNLPI,20190605105831,002,000,ION
VNFZZLRPVOO,BNFVZFURNZOII,20190605105830,002,000,VNF
ZNLFLNZRR,BNFVZNUVLVONI,20190605105830,002,000,ION
IULOUNFIV,BNUUDUZNZUUZIPOLFVRF,20190605105830,002,000,ION
IIVONLLVLVL,BNFVZNRPNLZRP,20190605105830,002,000,II
IIZPIPFPROF,BNFVZNNIULUUZ,20190605105829,002,000,II
RNNNLUZVN,BURVZVUIVOIUO,20190605105829,002,000,ION
VNNNVNPLF,BURVDUZNVLFVILFVVZNU,20190605105829,002,000,ION
VNNVVURUU,BNUUZNIPVVVVU,20190605105829,002,000,ION
VOFVLZFLI,BNUUZNVLFULUP,20190605105829,002,000,ION
VNNNVNPLF,BURVDUZNVLFVILFVVZNU,20190605105828,002,000,ION
IUUIUNFNI,BNFVZNNFFLPUU,20190605105828,002,000,ION
VNNVVURUU,BNUUZNIRIFZVU,20190605105828,002,000,ION
VNUINRZFF,BNUUZNLOVUVZU,20190605105828,002,000,ION
LZNRFUVIPUIL,BNFVZVFPVROIZ,20190605105827,002,000,LZ
ZNFNZUIIN,BNFVZNUIUFNVN,20190605105827,002,000,ION
VNNVNNRFL,BNUUZNPPFRZZF,20190605105827,002,000,ION
ZNUPPPFFO,BNFVZNROPOROZ,20190605105826,002,000,ION
ZIINLNNZP,BNUUZNRNNUUFR,20190605105826,002,000,ION
VNUNZVPRN,BNUUZNVFLLVZO,20190605105826,002,000,ION
IOIPUULZFNUPN,BNFVZNLFUOONU,20190605105825,002,000,IOI
LIFOUPVUFPFV,BNFVZNZZNVNPP,20190605105825,002,000,LI
LNLIOOUNRUU,BNFVZFUFNRRIR,20190605105825,002,000,LN
VNUINFIUL,BNUUZNFILVVVN,20190605105825,002,000,ION
ZNNPZPRRZ,BNFVZNNFFLPUU,20190605105824,002,000,ION
VLLZLOPIINVN,BNFVZNRVRNURF,20190605105824,002,000,VLL
ZZOOZZZIRZUZ,BURVZNNIULZLL,20190605105823,002,000,ZZO
ZIONRZNUN,BNFVZNLLNZFLO,20190605105823,002,000,ION
VNUIOVOPN,BNUUZNNRORIVL,20190605105823,002,000,ION
IOIPORIZNIPO,BNFVZNNIUPZON,20190605105822,002,000,IOI
VNUIFZZUV,BNUUZNIVVFPNF,20190605105822,002,000,ION
IOVFVNPINZFR,BNFVZNVLRZUPP,20190605105822,002,000,IOV
ILFRLRPLNUP,BNFVFUZNIZIVIZN,20190605105822,002,000,IL
ZNULILPVR,BNFVZNVIIIVII,20190605105821,002,000,ION
ZIILLOOPU,BNFVZNUZPNLOL,20190605105821,002,000,ION
ZIINLNNZP,BNUUZNPFNZVVF,20190605105821,002,000,ION
VNUIOVOPR,BNUUZNIFVIZUV,20190605105821,002,000,ION
IIFLUVUNNVR,BNFVZNNIULLVU,20190605105820,002,000,II
IUPPUILVP,BNFVZNOFPRPLN,20190605105820,002,000,ION
VNNVVURUU,BNUUZNLVOZPIN,20190605105820,002,000,ION
ILFNPIFOFIP,BNFVZNNIUOOZL,20190605105820,002,000,IL
LLNZNOPUOFFL,BNFVZNNIUONZV,20190605105819,002,000,LL
VNUIUPVRN,BNUUZNVVROFNR,20190605105819,002,000,ION
IOVVRPFUUVN,BURVZNNIUFZZF,20190605105819,002,000,IOV
ILFVUVRILNP,BNFVZNNIUFILP,20190605105818,002,000,IL
ZFOZIRNNF,BNUUZNZFLOLFU,20190605105818,002,000,ION
LLROVONVPZIV,BNFVZNNIUOOUF,20190605105818,002,000,LL
IPOVNFIIULZ,BURVDUZNVFVVOPRLZFNV,20190605105817,002,000,IPO
VLLZIVUVORIU,BURVZVUNUPOVO,20190605105817,002,000,VLL
VNUIOVOPR,BNUUZNRLONPRR,20190605105817,002,000,ION
VIPUUFUUN,BNUUZNZOVZPVN,20190605105817,002,000,ION
ZNFRIZULF,BNFVZNOUZVVII,20190605105817,002,000,ION
IIFFPLNUUZI,BNFVZFONVZVIO,20190605105816,002,000,II
VNNVVURUU,BNUUZNLOPZVNI,20190605105816,002,000,ION
VNNVUFZUP,BURVZNRNLLUZL,20190605105816,002,000,ION
VNRRNLUUU,BNUUZNPLILLFF,20190605105816,002,000,ION
ILFOOFOPNNU,BNFVZNNIURZFP,20190605105815,002,000,IL
ZRNOLIROPIOF,BNFVZVUVUNFNF,20190605105815,002,000,ZRN
VNNNVNPLF,BURVDUZNVLFVILFVVZNU,20190605105815,002,000,ION
ZNLNUONLR,BNFVFUZNNUUULRL,20190605105814,002,000,ION
LNRPPUNULOI,BNFVZFVOULORL,20190605105814,002,000,LN
VNUIIORNZ,BNUUZNLVPFVFV,20190605105814,002,000,ION
ZNRUINFPR,BNFVZNOLIUNFR,20190605105813,002,000,ION
VNNVVLPUU,BNUUZNURRPZOF,20190605105813,002,000,ION
VNUIIRUNV,BNUUZNZORIOVU,20190605105813,002,000,ION
IOVFZNFOPONL,BURVZNFVRPIFI,20190605105812,002,000,IOV
VNUIOVOPR,BNUUZNVNUNLNZ,20190605105812,002,000,ION
VNUIIORNZ,BNUUZNPVPUINP,20190605105812,002,000,ION
VNUIUNRUU,BNUUDUZNZUUZFVUOURPI,20190605105812,002,000,ION
ZIILFRVZN,BURVDUZNZUUZFVFVNIUN,20190605105811,002,000,ION
ZILVUOLZI,BURVDUZNZUUZIPIVUFZI,20190605105811,002,000,ION
VNUINRZFF,BNUUZNFNURPUF,20190605105811,002,000,ION
ZFRNORPIV,BNFVZNNIUFRRF,20190605105810,002,000,ION
VNZFUPOUU,BNUUVNUZZFUPO,20190605105810,002,000,ION
IIFNORPFZFR,BNFVZNRLINZRP,20190605105810,002,000,II
ILFIFLOLIIP,BNFVZNZONFPZZ,20190605105809,002,000,IL
VNUIOVOPR,BNUUZNVVRZFRI,20190605105809,002,000,ION
VNULIPOVV,BNFVZNNIURIZO,20190605105809,002,000,ION
VNUINRUFI,BNUUZNIIUPVNI,20190605105809,002,000,ION
ZNVNVNVVR,BNFVZFNNVIRLL,20190605105808,002,000,ION
IIFIFOIZZNO,BNFVZNNIULIFI,20190605105808,002,000,II
VNNVVURUU,BNUUZNNNIVLVF,20190605105808,002,000,ION
IULOUNFIP,BNUUZVUNVVFRL,20190605105808,002,000,ION
ILFIUZZVOUU,BNFVZFPILVLZO,20190605105807,002,000,IL
ILFRLORLZPN,BNFVZNRZRZLNU,20190605105807,002,000,IL
VNUIOVOPR,BNUUZNFRNRZZI,20190605105807,002,000,ION
VNNVUFZUP,BURVZNRNIOUUL,20190605105807,002,000,ION
IVLZZPIINZP,BNFVZNZRFRLFV,20190605105807,002,000,IV
VNOOOUVVN,BURVZNPZIUVIO,20190605105806,002,000,ION
IIFNFUNVFIV,BNFVZNPZZIIZV,20190605105806,002,000,II
VNUIIULUF,BNUUDUZNZUUZFIZNRRVV,20190605105806,002,000,ION
ILFRRRUFZFV,BNFVZNNIUOULF,20190605105806,002,000,IL
VNUIVUOVI,BNUUZNZLVFVFO,20190605105806,002,000,ION
IIOOFPPFLRO,BNFVZNFUPRULZ,20190605105805,002,000,II
VNUFUUPPV,BNFVZFNLVVLLZ,20190605105805,002,000,ION
VNRPUOUUU,BNUUZNZZVNIZF,20190605105805,002,000,ION
ZFOZIRNNF,BNUUZNPOZIUII,20190605105805,002,000,ION
IIFNVNIZZOU,BNFVZNNIUPPRL,20190605105804,002,000,II
ZNVIURIZN,BNFVZNVVOPFOO,20190605105804,002,000,ION
ZFIOZUVRF,BNFVZNNIULFFI,20190605105804,002,000,ION
LVURIRVFLVRN,BNFVZNOFUVIPN,20190605105804,002,000,LVU
ZNLNNVFPI,BNFVZNFPRPPOV,20190605105803,002,000,ION
VNUIOVOPR,BNUUZNFOZOZZN,20190605105803,002,000,ION
VOVZUUPRU,BNUUVVUZVRNNU,20190605105803,002,000,ION
ZIINLNNZP,BNUUZNVPOOPPI,20190605105803,002,000,ION
LLRRVOUOFRLL,BNFVZNNIUZUFF,20190605105803,002,000,LL
ILFRUZPPOVR,BNFVZNNIUFFIN,20190605105802,002,000,IL
VNNVVURUU,BNUUZNNOZIPVV,20190605105802,002,000,ION
VNUIOVOPR,BNUUZNLOOIIIU,20190605105802,002,000,ION
VFVVPFZLR,BNUUDUZNVLFVLLPIOFFU,20190605105801,002,000,ION
LZNRFUNINVZN,BNFVZNRPIVORZ,20190605105801,002,000,LZ
VNNVVVRLP,BNUUZNUVUZURO,20190605105801,002,000,ION
LLRRZRRVZLPF,BNFVZVUOIIUPF,20190605105800,002,000,LL
ZNZZIRLRR,BNFVZNURNPZPF,20190605105800,002,000,ION
VNUIOVOPR,BNUUZNNOVNLUR,20190605105800,002,000,ION
RZFPFIIFIZU,BNFVZFURIIUUZ,20190605105800,002,000,R
ZNRZURFLP,BNFVZNPFIRIZO,20190605105759,002,000,ION
ZIFPIOZVN,BNFVZNNFFLPUU,20190605105759,002,000,ION
LLRPPNVPFPUV,BNFVZNNIUFUVR,20190605105759,002,000,LL
ZNIVPLZUN,BNFVZNPUVFOUI,20190605105758,002,000,ION
VNNVUFZUP,BNUUZNRNVVFFZ,20190605105758,002,000,ION
LVURIFNIRNIR,BNFVZNNIURPRN,20190605105758,002,000,LVU
ILFLZVPNLOU,BNFVZNROIPUPI,20190605105758,002,000,IL
VNUILRPLO,BNUUZNZLVFVFO,20190605105757,002,000,ION
VNUIOVOPR,BNUUZNFLIZPUI,20190605105757,002,000,ION
IIFRLPLUFVV,BNFVZNNIUFOOF,20190605105757,002,000,II
ZNRFOZILN,BNFVZNPFVPILP,20190605105756,002,000,ION
VNUIIILPO,BNUUDUZNZUUZFUINPOIN,20190605105756,002,000,ION
ZNILOLURR,BNFVZFLNLVLIU,20190605105756,002,000,ION
POVVOPFPVIR,BNFVZNUFPZZNR,20190605105755,002,000,POV
VNNVVURUU,BNUUZNURFONFU,20190605105755,002,000,ION
VNUIOVOPR,BNUUZNLFZFRZI,20190605105755,002,000,ION
ZNUFFVZNI,BNFVZNPOIZZPV,20190605105754,002,000,ION
LLNNRLZFULZO,BURVZNPVFVLPF,20190605105754,002,000,LL
VNRPUOUUU,BNUUDUZNVLFVNRNLLZOU,20190605105754,002,000,ION
ZFUURORVZ,BNFVZNRVLRFVV,20190605105753,002,000,ION
ZILNLOZRN,BURVZNFULZPRR,20190605105753,002,000,ION
VNUILNFUV,BNUUZNZIOORZO,20190605105753,002,000,ION
IZIIZRZIOOOO,BNFVZNNIUZRNV,20190605105753,002,000,IZ
ZNZVFUFUO,BNFVZNNIURNZZ,20190605105753,002,000,ION
VOFPVVROF,BNUUDUZNVLOVOFPVVZIV,20190605105752,002,000,ION
IULOUNFIP,BNUUZVUVRZRFZ,20190605105752,002,000,ION
ZIINLNNZP,BNUUZNULLPZRV,20190605105752,002,000,ION
IOZPPIIOPNVL,BNFVZNNIUFOLZ,20190605105751,002,000,IOZ
ZFPORZZVR,BNFVZNRRRNPVP,20190605105751,002,000,ION
ILFOFFVLLPI,BNFVZNNIUPVRN,20190605105751,002,000,IL
VNIINILVU,BURVDUZNZUUZIZROIFIN,20190605105750,002,000,ION
ZFFOOOPZR,BNFVZNPNPFUPR,20190605105750,002,000,ION
ZNPRFNVLP,BNFVZNFFNPVZN,20190605105750,002,000,ION
LOVVOULPPI,BNFVZNNIUPNPN,20190605105749,002,000,LO
ZNOLIUNFR,BNFVZNRIVFIZN,20190605105749,002,000,ION
ZNVRPUFFR,BNFVZNFZPPVFF,20190605105749,002,000,ION
INFVZLRVOUV,BNFVZNNIUZOVZ,20190605105748,002,000,IN
LLNIZVFZNNIF,BNFVZNNIUONFR,20190605105748,002,000,LL
VNUIOVOPR,BNUUZNUZRNFRI,20190605105748,002,000,ION
IIFVPROFLUP,BNFVZNNIUOZNR,20190605105747,002,000,II
IPFLNRLOVRZ,BNFVZNNIUPLNV,20190605105747,002,000,IPF
INFLUVRZNFR,BNFVZNFNONFLL,20190605105747,002,000,IN
VNUILNFNZ,BNUUDUZNZUUZVFIRIRLL,20190605105747,002,000,ION
IIFPLIUZLVI,BNFVZNZFNPVZI,20190605105746,002,000,II
ZNUUUFZUL,BNFVZNNIUOPNF,20190605105746,002,000,ION
VNNVVURUU,BNUUZNUVVFLUU,20190605105746,002,000,ION
VNULINLUU,BNUUDUZNVLOVNLNZFUPL,20190605105746,002,000,ION
LVUFUFFINLOV,BNFVZNNIUOZVF,20190605105745,002,000,LVU
ZVRFRZOFP,BNFVZNNFZNVUU,20190605105745,002,000,ION
VLOZOOLVZFZN,BURVZNNIULFVL,20190605105745,002,000,VLO
LLRPLUFZLNZN,BNFVZNNIULLIV,20190605105744,002,000,LL
OOPOIVIZIFLP,BNFVZNRVFNURZ,20190605105744,002,000,OO
ZNUFOUZFU,BNFVZNOZOVNUV,20190605105744,002,000,ION
ZFPVPUOVU,BNFVZFUZRUUNZL,20190605105743,002,000,ION
ZNNRZRPFF,BNFVZFLFLPUVR,20190605105743,002,000,ION
ZNRZNRZIR,BNFVZNVVFUPUF,20190605105742,002,000,ION
IUVRLNUOLVZO,BURVDUZNVLOVFIFOFLZU,20190605105742,002,000,IU
VNUINRUFI,BNUUDUZNZUUZFLIPVLPF,20190605105742,002,000,ION
ZIINLNNZP,BNUUZNFRIPIPN,20190605105742,002,000,ION
VNUIOVOPR,BNUUZNFLLPUIO,20190605105742,002,000,ION
LLRONULPZZON,BURVZNRIFLLIZ,20190605105741,002,000,LL
ILFUZLUIIVI,BNFVZNUFFUIPO,20190605105741,002,000,IL
VNUIUPVRN,BNUUZNRRFOULU,20190605105741,002,000,ION
IZUVIFRUUZFU,BNFVZNNIUPOIU,20190605105740,002,000,IZ
VPIZROVFZ,BNUUDUZNVLOVNINIPOOU,20190605105740,002,000,ION
IZILUUNIUPFP,BNFVZNFOLPZLU,20190605105740,002,000,IZ
LZNRVORRUNFO,BNFVZNNIUROFN,20190605105739,002,000,LZ
LPOUZRRNVLO,BNFVZNFONLOPF,20190605105739,002,000,LP
LURVFLZFRPI,BNFVZVUVPLLOO,20190605105739,002,000,LU
LLRPVPLVLZFI,BNFVZFURNOPNZ,20190605105739,002,000,LL
LLRZIZNZFNOZ,BNFVZFURIPLVZ,20190605105738,002,000,LL
ILFURPPINNL,BNFVZNNIUFZVI,20190605105738,002,000,IL
ZNULOFULF,BNFVZNULOFULFO,20190605105737,002,000,ION
IIFFVIINONO,BNFVZNNIUPOVL,20190605105737,002,000,II
LLRPOIZOIVZP,BNFVZFURIPIZN,20190605105737,002,000,LL
VNUIOVOPR,BNUUZNLZRVRII,20190605105737,002,000,ION
ILZVLVFVFZU,BNFVZNNZIUUNZ,20190605105736,002,000,IL
ZVUULONFF,BNFVZVULFPPFI,20190605105736,002,000,ION
VNUINNRVL,BNUUZNLNUIOLU,20190605105736,002,000,ION
VNUIVRRLL,BNUUZNZROFRUR,20190605105736,002,000,ION
IOVFZNOORLRU,BURVZNFNFFPLL,20190605105735,002,000,IOV
IUPPUIZUO,BNFVZNRFNILIV,20190605105735,002,000,ION
VNUIOVOPR,BNUUZNULLNUUZ,20190605105735,002,000,ION
LURFOLLVURF,BNFVZNNIULRRO,20190605105734,002,000,LU
ZNURPLNZZ,BNFVZNOOVFRIL,20190605105734,002,000,ION
ZNFULVZOV,BURVZNZINPFOF,20190605105734,002,000,ION
IOZZPPIUPLLN,BNFVZNNIUPFZU,20190605105733,002,000,IOZ
LVURRONOVULL,BNFVZNLPORLPF,20190605105733,002,000,LVU
ZNOOUVVRO,BNFVZNIOOPPPI,20190605105733,002,000,ION
VNUIULPNI,BNUUZNZUZPUOI,20190605105733,002,000,ION
VOFRZVFVN,BNUUZNIOLZFPN,20190605105732,002,000,ION
VNIINILVU,BNFVZNIVVVULF,20190605105732,002,000,ION
ZIINLNNZP,BNUUZNLLIZFUP,20190605105732,002,000,ION
INFVUZNFPNF,BNFVZNNIURZOR,20190605105731,002,000,IN
VNRPUOUUU,BNUUVNNZOUOUU,20190605105731,002,000,ION
VNUIFZZUV,BNUUZNUUUUNRI,20190605105731,002,000,ION
ZFRVNNLLR,BNFVZNRZURZZZ,20190605105730,002,000,ION
VLLRRVVVI,BNUUZNPOINIIF,20190605105730,002,000,ION
VNUIVNVRO,BNUUZNLFFRUOO,20190605105730,002,000,ION
ZNZFLIIPL,BNFVZNLRFNPVZ,20190605105729,002,000,ION
VNUUNFUUN,BNUUZNZILNLOZ,20190605105729,002,000,ION
ZNRLVNZOR,BNFVZNVZNIPLI,20190605105729,002,000,ION
ZVOUFUIFN,BNFVZNUUFRFIF,20190605105728,002,000,ION
ZNFZZUNPL,BNFVZNZINIFLR,20190605105728,002,000,ION
IINRPZUUZZV,BURVZNOZFRFUZ,20190605105728,002,000,II
VIZLIPZVZ,BNFVZNRILFONO,20190605105727,002,000,ION
VNUIOVOPR,BNUUDUZNZUUZFVNFLLIZ,20190605105727,002,000,ION
IUULULVZF,BNFVZNRIZORZP,20190605105727,002,000,ION
ILFZVLIZZFZ,BURVZNNIUPVIO,20190605105726,002,000,IL
VNUIOVOPN,BNUUZNNUFIUUO,20190605105726,002,000,ION
VLLZVZVLIIVI,BURVZVULRRIPF,20190605105725,002,000,VLL
IOVFZNORFZIU,BNFVZFOOFURFV,20190605105725,002,000,IOV
LPRZIULFZLO,BURVZNZPUULVZ,20190605105725,002,000,LP
IOIPOVOIPVFP,BNFVZNNIUPPOI,20190605105724,002,000,IOI
VNUIIVFPN,BNUUZNFVPOFVZ,20190605105724,002,000,ION
IIFOZIRNINN,BNFVZNNIULVLF,20190605105724,002,000,II
VOFRPUNUU,BNUUDUZNVLFVIVPPUOUU,20190605105723,002,000,ION
VNNZIZZUU,BURVZNNIURFOI,20190605105723,002,000,ION
VNNVVURUU,BNUUDUZNZUUZFRFRIIFF,20190605105723,002,000,ION
ZIPOOPNOL,BNFVZNRNOFIFZ,20190605105722,002,000,ION
VNNVNNRFL,BNUUZNVIIFUIO,20190605105722,002,000,ION
ZIINLNNZP,BNUUZNRPINFNZ,20190605105722,002,000,ION
ZVIUVRVORVLR,BNFVZVUNINOOL,20190605105721,002,000,ZV
VFNINZILL,BNUUZNPRRPZVO,20190605105721,002,000,ION
RZFPFIIFIZU,BNFVZFURIRNPL,20190605105721,002,000,R
LLVUPUPZIFNI,BURVZNPRNULRL,20190605105720,002,000,LL
IIFVILPUIVV,BNFVZNZRIIVOU,20190605105720,002,000,II
ZIINLNNZP,BNFVZFUZRUUUZP,20190605105720,002,000,ION
LZVNUIILPVVF,BNFVZNNIUOOIO,20190605105719,002,000,LZ
VNUIUOUNF,BNUUZNVFVVZUR,20190605105719,002,000,ION
ZNVLNNVFU,BNFVZNUZOOINI,20190605105719,002,000,ION
VNNLOUIZR,BNFVZNZOZLUUZ,20190605105718,002,000,ION
VNNVUFZUP,BURVZNNRIZNUN,20190605105718,002,000,ION
ZVUNLNOZI,BURVDUZNVLOVOPZLNULU,20190605105718,002,000,ION
LPRVPLLNROU,BNFVZNNIUFNLR,20190605105717,002,000,LP
ZNRNRNPZO,BNFVZNLPLRROR,20190605105717,002,000,ION
LNRFFROZIPO,BURVZNFLPOZLO,20190605105717,002,000,LN
LNRZLLZUPVF,BURVZNNIURPVV,20190605105716,002,000,LN
LZZNINZVPZZNU,BNFVZNNIULFON,20190605105716,002,000,LZ
VOILIINIV,BURVDUZNVLFVOVZUUVLU,20190605105716,002,000,ION
NVVLVIZORUO,BURVZNNIUFRUO,20190605105715,002,000,NVVL
PUPVUURZV,BURVZNRZLULLL,20190605105715,002,000,ION
VNNVVLPUU,BNUUZNRLVVZLI,20190605105715,002,000,ION
VPZIZZOLI,BNFVZNNIULPRV,20190605105714,002,000,ION
IUPPNNLFN,BNFVZNIVRIOON,20190605105714,002,000,ION
LLRLRROVUFUP,BNFVZFUZNFNNL,20190605105713,002,000,LL
IIFNOPUIFZO,BNFVZNLUIIOOU,20190605105713,002,000,II
VNUIFZZUV,BNUUZNZIRUPPP,20190605105713,002,000,ION
ZNROPVLIR,BNFVZNRIFLFFV,20190605105712,002,000,ION
LLVUIZIFILFR,BURVZNPNPNOPI,20190605105712,002,000,LL
IVLRVVNUOFZ,BNFVZFURNIPPN,20190605105712,002,000,IV
VNIINILVU,BNFVZFRRIIILO,20190605105711,002,000,ION
LNRFROFFOUF,BURVZNVUNFLLO,20190605105711,002,000,LN
ILFVZULOLLP,BNFVZNFUONFOL,20190605105711,002,000,IL
IILZVZURLFL,BNFVZNNIUFRNP,20190605105711,002,000,II
IPOZNNOLLZLI,BNFVZNNIULLVN,20190605105710,002,000,IPO
ILZLFRNZRZI,BNFVZNZINLVUL,20190605105710,002,000,IL
IIFILOZLPNZ,BNFVZNNPVRPPF,20190605105710,002,000,II
LLVUIPVLVPOU,BNFVZNRONINUP,20190605105709,002,000,LL
IOVFZNZVIUFI,BNFVZNNIULFNP,20190605105709,002,000,IOV
IOIPRZFPRLNR,BNFVZNPZUPFZV,20190605105708,002,000,IOI
ILZIVPUUONN,BURVDUZNVLOVNPLVZIFU,20190605105708,002,000,IL
VNUIOVOPR,BNUUZNPRFFUOU,20190605105708,002,000,ION
ILZVLVLRUZL,BNFVZNVOFPLOF,20190605105708,002,000,IL
IUUUVIVUU,BNFVZFPOVUUVU,20190605105707,002,000,ION
ILFOZNVLUFP,BNFVZNVZOOLLL,20190605105707,002,000,IL
ZIIRVUIZF,BNFVZFUZRURZRV,20190605105707,002,000,ION
IIFRLZLIRLR,BNFVZNFRPNPOV,20190605105706,002,000,II
VNULLRIOV,BNUUDUZNVLFVNLNFOZUU,20190605105706,002,000,ION
VNUIVPILU,BNUUDUZNZUUZFVURORLI,20190605105706,002,000,ION
IIFUOZLRROU,BNFVZNOUNVVZU,20190605105705,002,000,II
VNUIOVOPR,BNUUZNPRFVNUF,20190605105705,002,000,ION
IIVLRVILLIZ,BURVDUZNVLOVILLVFNVF,20190605105705,002,000,II
ILFNUNFOIRP,BNFVZNNIUONVF,20190605105705,002,000,IL
IOIVNLVOZVUU,BURVZNPLFVLRI,20190605105704,002,000,IOI
VNUIOVOPR,BNUUZNPRINLZL,20190605105704,002,000,ION
ILFRIZNPLNI,BNFVZNOPZIVPI,20190605105704,002,000,IL
IOLPVUPPZR,BURVZNNIUOFRP,20190605105704,002,000,IOL
VLLZVVVPIPVN,BNFVZNOZNRVRI,20190605105703,002,000,VLL
IIFRVRPVZIN,BNFVZVFIURVZU,20190605105703,002,000,II
ZNZPPLFZIRNZ,BNFVZNNIUZZPF,20190605105703,002,000,ZN
INNIRZZPPNL,BNFVZNNIURFFV,20190605105702,002,000,IN
LZLUIVPUU,BNFVZNNIULOZI,20190605105702,002,000,ION
IOINZFPOIFN,BNFVZNNIULLRR,20190605105702,002,000,IOI
LLRIZLVPOZUP,BNFVZNNIUOVPO,20190605105701,002,000,LL
VNUIOVOPR,BNUUZNPRNVVLP,20190605105701,002,000,ION
VNVOPNVNI,BNUUZNZPFIFUL,20190605105701,002,000,ION
LLRRZZLNRPNN,BNFVZNZVFZIFI,20190605105701,002,000,LL
ZFFZURNLI,BNFVZNNFFLPUU,20190605105700,002,000,ION
ZNLRFRLUN,BNFVZNFNLFIII,20190605105700,002,000,ION
VNOZPPIOO,BNFVZNNFFLPUU,20190605105700,002,000,ION
ILFRUVZVIIF,BNFVZNVPRLPLV,20190605105700,002,000,IL
VOPPLINIUVIF,BNFVZNUUZPONO,20190605105659,002,000,VOP
IIROONLOOIU,BNFVZNFVNORPL,20190605105659,002,000,II
ZNLRIUVVP,BURVZNIRNFZIL,20190605105658,002,000,ION
VNIINILVU,BNFVZNVINULRO,20190605105658,002,000,ION
VNUIOVOPR,BNUUZNPOROILN,20190605105658,002,000,ION
VNIPLZUIP,BNUUZNOFORZRU,20190605105657,002,000,ION
IUPPULIZN,BNFVZNVZVRFOU,20190605105657,002,000,ION
IVNUVVRIZF,BURVZNNIULFFR,20190605105657,002,000,IV
VNUIUPIOP,BNUUZNVLUPUPP,20190605105657,002,000,ION
VILNPVOPI,BNUUDUZNVFVVILINFFIP,20190605105656,002,000,ION
ZNLUFVFVL,BNFVZNFONNRUR,20190605105656,002,000,ION
LLROUUOZPILU,BNFVZFZPOFVRP,20190605105656,002,000,LL
LZNOVNZUINLON,BURVZNOZPRNNU,20190605105655,002,000,LZ
VNUIVRRLL,BNUUZNNZIVORO,20190605105655,002,000,ION
ZFOZIRNNF,BNUUZNIIPVZFR,20190605105655,002,000,ION
VNUIFZZUV,BNUUZNZZZLLRO,20190605105655,002,000,ION
IIVIIZNUPOU,BNFVZNNIUOVUL,20190605105654,002,000,II
ZIVOFLUUR,BURVZNLLNRLNU,20190605105654,002,000,ION
VNUINNRVL,BNUUZNFOVUUVF,20190605105654,002,000,ION
VNIINILVU,BNFVZNVNOPNPN,20190605105653,002,000,ION
VNUIIRUNV,BNUUZNVOPVPFI,20190605105653,002,000,ION
IIZRNULPLFF,BNFVZNNIURPIP,20190605105653,002,000,II
ZNVZNVLPZ,BNFVZNZLLNUOP,20190605105653,002,000,ION
IUPPUNLPV,BNFVZFIROIINO,20190605105652,002,000,ION
VNUINNRVL,BNUUZNFFFVNOR,20190605105652,002,000,ION
LZNRRILVLZUL,BNFVZNNIUORZN,20190605105652,002,000,LZ
VNUIOVOPR,BNUUZNPOURUZO,20190605105652,002,000,ION
VNUIIULUF,BNUUZNZLFRIOF,20190605105652,002,000,ION
IIRFILONRPO,BNFVZNVOLONLI,20190605105651,002,000,II
VNUIIFRRI,BNUUZNPZFINUP,20190605105651,002,000,ION
VNINVFFUU,BNUUZNZLPNORF,20190605105651,002,000,ION
ZZOOZPVLVLPN,BURVZNNIUOPFU,20190605105651,002,000,ZZO
IIZRONVZIUI,BNFVZNNIUPPRP,20190605105650,002,000,II
ZNVLVZPLV,BNFVZNIIFOVLV,20190605105650,002,000,ION
VNNVNNRFL,BNUUZNZFPIFPP,20190605105650,002,000,ION
ZNLOLPNIL,BNFVZNOORLNVN,20190605105650,002,000,ION
VNUIIVUOF,BNUUZVUUVRPFV,20190605105649,002,000,ION
ZNVRUNOFP,BNFVZNOIZLNVP,20190605105648,002,000,ION
LLRLFZIRPRNR,BNFVZNNIULZPR,20190605105648,002,000,LL
VNUINFVRL,BNUUZNIZUOFRL,20190605105648,002,000,ION
LLVUPUPZIFNI,BURVZNPRNULRL,20190605105647,002,000,LL
VNUILLPUN,BNUUZNRVFPLZR,20190605105647,002,000,ION
ZIZIOUULP,BURVZNIZIZUIV,20190605105647,002,000,ION
INFVIIPZPOP,BNFVZNNIUPNRV,20190605105647,002,000,IN
IOVFVNVZFZUU,BNFVZNVLOLRUL,20190605105646,002,000,IOV
LZNRRFIVOZLL,BNFVZVFLPRZFP,20190605105646,002,000,LZ
VNNVNNRFL,BNUUDUZNZUUZVFIZLUVR,20190605105646,002,000,ION
VNIINILVU,BNFVZFVIURNUV,20190605105646,002,000,ION
LLIUUUNVNIRZ,BNFVZFUPIIPPP,20190605105645,002,000,LL
VNUINNRVL,BNUUZNVUUNRZU,20190605105645,002,000,ION
IIIPZOROOIZ,BNFVZFFVFLFUU,20190605105645,002,000,II
IIFINNLLZZZ,BNFVZNNIURUPO,20190605105644,002,000,II
VNUIOVOPR,BNUUZNPLNFRUL,20190605105644,002,000,ION
IIFNRRVULFF,BNFVZNNNRPFLV,20190605105644,002,000,II
NORNIPIFNUF,BNFVZNFRLUZZI,20190605105643,002,000,NORN
ZRRZPVILFIPZF,BNUUZVUUROPNN,20190605105643,002,000,ZRR
IUPPUOULU,BNFVZNFFIOLZV,20190605105643,002,000,ION
FLVNUVRVRRNF,BURVZVUINFNOF,20190605105642,002,000,FL
VNULILLRZ,BNUUZNLIRUZPZ,20190605105642,002,000,ION
IOVFZNPIOVVO,BNFVZNNIUZOVU,20190605105642,002,000,IOV
IOVFZNVUOVFO,BNFVZFRNORUON,20190605105641,002,000,IOV
ZNPNRPLOR,BNFVZNUUOLOUL,20190605105641,002,000,ION
ZVLIPPZFL,BNFVZNFLZLFVU,20190605105641,002,000,ION
ILZNPRZVOLO,BNFVZNRVIOOPL,20190605105641,002,000,IL
VVRFFRORV,BNUUDUZNVLOVOIFVLPPN,20190605105640,002,000,ION
ZINNLOVUF,BNFVZFIIFFPZI,20190605105640,002,000,ION
ZNPNOPORF,BNFVZNPNOPORP,20190605105640,002,000,ION
IUPPUZION,BNFVZNVORRVVU,20190605105639,002,000,ION
IIFLLUNFOUI,BNFVZNNIUFVRF,20190605105639,002,000,II
ILFPIIFOOZU,BNFVZNNIUOZUI,20190605105639,002,000,IL
ILFPRZOIORL,BNFVZNNIUFUNV,20190605105638,002,000,IL
VNUILIRRO,BNUUDUZNZUUZIIPLFZFL,20190605105638,002,000,ION
VNUILLPUN,BNUUZNZNULUFV,20190605105638,002,000,ION
ZNZVURZUO,BNFVZNFNOOFIN,20190605105637,002,000,ION
VNULNZLVV,BNUUZNZRRZPLO,20190605105637,002,000,ION
VNUIOVOPR,BNUUZNPIVPRNL,20190605105637,002,000,ION
VNUIIZOOZ,BNUUZNPPPOVPO,20190605105637,002,000,ION
VNUILIRRO,BNUUZNLRVPZUO,20190605105637,002,000,ION
ZFUVRLLIU,BNFVZNLFIOZFZ,20190605105636,002,000,ION
IIROUFFNVLN,BNFVZNRFORORU,20190605105636,002,000,II
ZIINUINOF,BNFVZNNFFLPUU,20190605105635,002,000,ION
VIRFZIIONVZF,BNFVZFPPUROZP,20190605105635,002,000,VIR
VNUILIRRO,BNUUZNPIPPIII,20190605105635,002,000,ION
ZFROZLRPO,BNFVZNNFFLPUU,20190605105635,002,000,ION
IZIFFINOUNOI,BNFVZNNIUFFVV,20190605105635,002,000,IZ
VNNVUFZUP,BURVZNPUPVNZI,20190605105634,002,000,ION
IOVFVNFOVRIU,BNFVZNZUIFPON,20190605105634,002,000,IOV
VNNVNNRFL,BNUUDUZNZUUZFUVNFIIF,20190605105634,002,000,ION
VNUNUVOUU,BNUUDUZNVLOVFFZUZLPP,20190605105634,002,000,ION
ZNPRULFUN,BURVDUZNZUUZFRPLLVIV,20190605105634,002,000,ION
ZIVNIVPNZ,BNFVZNOVFIOZV,20190605105633,002,000,ION
IZIPPFUNILOO,BNFVZNNIUOZIF,20190605105633,002,000,IZ
IINLVVILLNL,BNFVZNUOPZPIR,20190605105633,002,000,II
VNUIUPUIO,BNUUZNOFLLFLO,20190605105633,002,000,ION
LIFFUOZOURUU,BURVZNVZVZUFU,20190605105632,002,000,LI
VNUIOVOPR,BNUUZNPNZLNIO,20190605105632,002,000,ION
IOPLUOLPNZZR,BURVZNNIUOZPO,20190605105632,002,000,IOP
VLLRLNNFV,BNFVZNRRFVFRR,20190605105631,002,000,ION
VNRRNLUUU,BNUUDUZNVFNVNRVLONFR,20190605105631,002,000,ION
VNNVVURUU,BNUUDUZNZUUZFLLLLOLL,20190605105631,002,000,ION
IOZFONFVVVP,BNFVZNFOUPRLU,20190605105631,002,000,IOZ
ZRVOVLVFVIVI,BURVZNNIUPOLU,20190605105630,002,000,ZRV
ZNVOUIZIR,BNFVZFLPRLPFV,20190605105630,002,000,ION
VNUILIRRO,BNUUZVUVNUPFL,20190605105630,002,000,ION
IUPPNULOZ,BURVDUZNZUUZFOUPZVOP,20190605105630,002,000,ION
ZNPORVFUL,BNFVZNIUIIIRN,20190605105629,002,000,ION
IZIZVUUPIUOR,BNFVZNNIURVNP,20190605105629,002,000,IZ
VNUIOVOPR,BNUUZNPNVOOZP,20190605105629,002,000,ION
ZNOFNLPUN,BNFVZNRZRUUFU,20190605105628,002,000,ION
VNUNZVPUN,BNUUZNRFIILFF,20190605105628,002,000,ION
ZNVIURIZN,BNFVZNVVOPFOO,20190605105628,002,000,ION
IUPPUFZLO,BNFVZFOLLORIO,20190605105627,002,000,ION
ZNLNNZUOZ,BURVDUZNZUUZIINFUIPZ,20190605105627,002,000,ION
ILFRINFUFZO,BNFVZNNIUPOIL,20190605105627,002,000,IL
ZIVLLPNOR,BNFVZVRONFLRO,20190605105626,002,000,ION
VNLPVRNOU,BNUUDUZNZUUZIVVLLOOU,20190605105626,002,000,ION
ZNLIZFIIF,BNFVZNNFFLPUU,20190605105626,002,000,ION
ILFVZUFNIPF,BNFVZNZFOLRNU,20190605105625,002,000,IL
LNRFIULPNVN,BURVZNLRPVRIP,20190605105625,002,000,LN
VNNVUFZUP,BNUUZNUPOLROZ,20190605105625,002,000,ION
VNUIFZZUV,BNUUZNFUOURVP,20190605105625,002,000,ION
LLRPFVVRIULF,BNFVZNNIUPRZZ,20190605105624,002,000,LL
ILFZOVVINLZ,BNFVZNNUVLNOF,20190605105624,002,000,IL
VVUIUZPRN,BNUUZNRLRUZLO,20190605105624,002,000,ION
ZNIURIOVN,BNFVZNZFZUNVV,20190605105623,002,000,ION
VIZLIPZVZ,BNFVZNPVUZVNR,20190605105623,002,000,ION
VNUIOVOPR,BNUUZNPUPIFFR,20190605105623,002,000,ION
ZNIIVLFFR,BURVZNIFUFFRF,20190605105622,002,000,ION
VIVPNLNLU,BNFVZNNUINZIL,20190605105622,002,000,ION
VNNVUFZUV,BNUUZNPULVZVZ,20190605105622,002,000,ION
ILFRLUZZNUR,BNFVZNIOUZZUZ,20190605105621,002,000,IL
ZNVUFNPOF,BNFVZNPLRZZZV,20190605105621,002,000,ION
IOVFVNLVINUZ,BURVDUZNZUUZFPUZOPOU,20190605105621,002,000,IOV
VNUIOVOPR,BNUUZNPUIPUZI,20190605105621,002,000,ION
ZNZVOPZRI,BNFVZNIOOVVLL,20190605105620,002,000,ION
ZFPFPNPPV,BNFVZNZPULFOP,20190605105620,002,000,ION
IOIPRRZRPULF,BNFVZNNIUPINV,20190605105620,002,000,IOI
ZNUVIRRLU,BNFVZNNIUOLNP,20190605105619,002,000,ION
IOVFZNZINZPF,BURVZNVZORNOO,20190605105619,002,000,IOV
ZNOLVOPZL,BNFVZNIPIIPFU,20190605105619,002,000,ION
ZNLPIOIFV,BNFVZVLILVPPO,20190605105618,002,000,ION
IIFNLZPFFON,BNFVZNNRNLFLL,20190605105618,002,000,II
VNNVVURUU,BNUUDUZNZUUZFLVFOVOI,20190605105618,002,000,ION
IIOLUVUUZRP,BURVVOFUVZVUR,20190605105617,002,000,II
IOVFVNVRPFRO,BNFVZNRVZVVNN,20190605105617,002,000,IOV
LLROIUVPUIIP,BURVZNIORFNPF,20190605105616,002,000,LL
IIFFORIRPRP,BNFVZNNIUOONP,20190605105616,002,000,II
ZNFPFORVV,BNFVZNUINOZOL,20190605105616,002,000,ION
VFVFULUUP,BNUUDUZNVLOVFVUPLILR,20190605105615,002,000,ION
ILFZZVNNZRZ,BNFVZNZRRNRPI,20190605105615,002,000,IL
LLVUIZIFOOFZ,BNFVZFLLNONVR,20190605105615,002,000,LL
VNUIOVOPR,BNUUZNRZFVINV,20190605105615,002,000,ION
ZNROURPVN,BNFVZNLIVZPLU,20190605105614,002,000,ION
ILFUZILNNOO,BNFVZNRONFIPN,20190605105614,002,000,IL
ZNFNRVUUN,BNFVZNNFFLPUU,20190605105614,002,000,ION
ZNOPRIRII,BNFVZFVLNIIOO,20190605105614,002,000,ION
INFOIRRUZRU,BNFVZNOLNIIIL,20190605105613,002,000,IN
ZNRONUPNV,BNFVZNVFNILFF,20190605105613,002,000,ION
IIFPRNUORON,BNFVZFNIOLVNP,20190605105613,002,000,II
RZRPRINVNNR,BURVZNNIUROOP,20190605105612,002,000,R
ZNZNPPFUR,BNFVZNFVVVIPV,20190605105612,002,000,ION
ZFPUIZRPU,BNFVZNRPZRNPV,20190605105611,002,000,ION
ILFUFLLURIP,BURVZNRPVRFPZ,20190605105611,002,000,IL
IPUOUOULVNVL,BURVZNNIULFVZ,20190605105611,002,000,IPU
LNRZNZZPIII,BURVZNNIULOLZ,20190605105611,002,000,LN
ZFIFZOIRP,BNFVZNNFFLPUU,20190605105610,002,000,ION
IOIPRLNZZUNV,BNFVZNNIUZVPU,20190605105610,002,000,IOI
INFVVLUOIRV,BNFVZNRIUNIZF,20190605105610,002,000,IN
ZIPPRFOLI,BNFVZNRFLFINF,20190605105609,002,000,ION
VNUIIILPO,BNUUZNOLOURFZ,20190605105609,002,000,ION
VUNVPUOOLIRR,BNFVZNNIUPOZO,20190605105609,002,000,VU
ILIUP,BNFVZNNIULZRN,20190605105608,002,000,ION
ZNOINLZFL,BNFVZNOLUFNNN,20190605105608,002,000,ION
VNPFLOIUV,BNUUZNRZPLIIV,20190605105608,002,000,ION
VNUIOVOPR,BNUUZNRPOOUPL,20190605105608,002,000,ION
IZURORPVZNUU,BNFVZFURIPRPF,20190605105607,002,000,IZ
LLVPRNUIURZF,BNFVZNNIUZIFU,20190605105607,002,000,LL
ZNOLPUFIU,BURVZNLOONROL,20190605105607,002,000,ION
ZIOUPFPUL,BNFVZNVPZVZOU,20190605105607,002,000,ION
ZNLRUUFOO,BNFVZNPRNIOPL,20190605105606,002,000,ION
VNINNIRIP,BNFVZNZRIPZLO,20190605105606,002,000,ION
ZNOZIPRZL,BNFVZNRPINNFF,20190605105606,002,000,ION
ZVUNFUPPF,BURVZNFLZURLP,20190605105605,002,000,ION
VRVNIRUUU,BNUUDUZNZUUZIPNZVZIF,20190605105605,002,000,ION
ILZIVVLVRLU,BNFVZNVVOVNFO,20190605105604,002,000,IL
VINZVZRUU,BNFVZNIRNRNVR,20190605105604,002,000,ION
VNUIOVOPR,BNUUZNRPIVIUZ,20190605105604,002,000,ION
ILFNUZOLRUN,BNFVZFINOOIIP,20190605105604,002,000,IL
IIROOZINZOO,BNFVZNNIUPNPR,20190605105604,002,000,II
ZNROFRFUL,BNFVZNPVNVLUR,20190605105603,002,000,ION
VNUIOVOPR,BNUUZNRRZOIZR,20190605105603,002,000,ION
VNUIIULUF,BNUUZNOOLPRUR,20190605105603,002,000,ION
ZNFZVUUPI,BNFVZNNFZNUUU,20190605105602,002,000,ION
ZFOVRIFFN,BNFVZFUZRUUPFZ,20190605105602,002,000,ION
ZIINLNNZP,BNUUZNZPIONPF,20190605105602,002,000,ION
IIFFRNORPRP,BNFVZNILFZNZF,20190605105601,002,000,II
LLRPLOUOFRLR,BNFVZFURIPIPR,20190605105601,002,000,LL
VNUIIILPO,BNUUZNURORUFV,20190605105601,002,000,ION
LLVUIFUIOVLN,BNFVZNRNRULLP,20190605105601,002,000,LL
IZIPZUNIPNRO,BNFVZFNLORLLL,20190605105600,002,000,IZ
ZNPZOIRFU,BNFVZNNIULUNF,20190605105600,002,000,ION
LURIPNZUVUI,BNFVZNNIUFUIN,20190605105600,002,000,LU
IPONFLFPUNU,BURVZNUFNVZOL,20190605105559,002,000,IPO
ILFFURRIZOO,BNFVZNNIUPRPF,20190605105559,002,000,IL
VNNVVIFUU,BNUUZNZFPFRVR,20190605105559,002,000,ION
LLRIFFIVVFPU,BNFVZFZPPOZLO,20190605105558,002,000,LL
ZNZZOPLLP,BNFVZNNIUZPZR,20190605105558,002,000,ION
LLNLIOPZUNUN,BNFVZNNIUZUVO,20190605105558,002,000,LL
LNRFFIFVZPR,BURVDUZNZUUZFNIVNVPR,20190605105557,002,000,LN
IUUIUNFNI,BNUUZNVRLFZLL,20190605105557,002,000,ION
VNUIOVOPR,BNUUZNRROLPLO,20190605105557,002,000,ION
ILIONZNFPLVINN,BNFVZNNIULVII,20190605105557,002,000,IL
LLRZULIUROIU,BNFVZFURIPUVU,20190605105556,002,000,LL
ZNLLLZLPO,BNFVZNNFPVUVU,20190605105556,002,000,ION
ILZPNRRFVNO,BURVDUZNVLFVOOZFOIPO,20190605105555,002,000,IL
IULOUNFII,BNUUZVUONPIUU,20190605105555,002,000,ION
VFOOILZUN,BNUUZNLPZNNLU,20190605105555,002,000,ION
IOPLUOPFVILF,BNFVZNNIUFLOV,20190605105554,002,000,IOP
ZNZIVZIVL,BNFVZNOPFZZRZ,20190605105554,002,000,ION
VNUIOVOPR,BNUUZNRRLRRVN,20190605105554,002,000,ION
IUUOUZNUI,BNFVZVRZZPVVP,20190605105554,002,000,ION
ZNRNVFPZP,BNFVZNPVZPLOL,20190605105553,002,000,ION
VOPPLPOUZPII,BNFVZNOVIULUP,20190605105553,002,000,VOP
ZFNRZRLIV,BNFVZNVLOLVZF,20190605105553,002,000,ION
IUPPUINNI,BNFVZNZZUONVO,20190605105553,002,000,ION
VNNLONIFU,BNFVZNLRLZUUL,20190605105552,002,000,ION
ILFNPRVZIPF,BNFVZNNIULRLO,20190605105552,002,000,IL
VNUIOVOPR,BNUUZNRRUPLFO,20190605105552,002,000,ION
ZNOLIUPRI,BNFVZNLNPRFVO,20190605105552,002,000,ION
ZNVVFRFVO,BNFVZNLLNIPRL,20190605105552,002,000,ION
ILFIZNINUUR,BNFVZNNNUUNLR,20190605105551,002,000,IL
VNUILUFPI,BNUUZNNUILZOZ,20190605105551,002,000,ION
IIFUPPFLIUI,BNFVZNPLRORPZ,20190605105550,002,000,II
IIFLLFULPRI,BNFVZNPFVPNRV,20190605105550,002,000,II
VNUIUVLLV,BNUUZNZFZRVRR,20190605105550,002,000,ION
ILFZRLZIIFZ,BNFVZFFROLNOZ,20190605105549,002,000,IL
VNUIOVOPR,BNUUZNRFFFZIO,20190605105549,002,000,ION
IUPPNNPIP,BNFVZFRLZFION,20190605105549,002,000,ION
IIFUNRRIOZV,BNFVZNNIUZVPR,20190605105548,002,000,II
VNUIOVOPR,BNUUZNRFFVZII,20190605105548,002,000,ION
ILRLRPORLNP,BNFVZNNIUZFLV,20190605105548,002,000,IL
ZNROIILPR,BNFVZNZVIROPN,20190605105547,002,000,ION
VVNLOOLOI,BNUUZNNUVLFVO,20190605105547,002,000,ION
ILZIOLRZFZV,BNFVZFUPIRLPU,20190605105546,002,000,IL
ILZPFLUPUOU,BNFVZNIOZOVVO,20190605105546,002,000,IL
VNUILLPUN,BNUUDUZNVFVVNVVFUFIU,20190605105546,002,000,ION
ZNPFLPULL,BURVZNNIUZNUI,20190605105546,002,000,ION
ILFVPLINZOI,BNFVZNNIULVIO,20190605105545,002,000,IL
ZFIZUNVLP,BNFVZFRUZUUUV,20190605105545,002,000,ION
LUROOPFRNUN,BNFVZVUNFVVIN,20190605105545,002,000,LU
VNUIFZZUV,BNUUZNPLLNOOV,20190605105545,002,000,ION
ILFRUFIPFNP,BNFVZNNIUZNVU,20190605105544,002,000,IL
ZFRIFIPRP,BNFVZNROINNFO,20190605105544,002,000,ION
LZNRURRIVNIL,BNFVZFPZRZULO,20190605105544,002,000,LZ
ILFUZNUFUFV,BNFVZNZUVRVOU,20190605105543,002,000,IL
LLRPVFOVRNPI,BNFVZNNIUZZNI,20190605105543,002,000,LL
VNUZPFUUU,BNFVZNNFFLPUU,20190605105543,002,000,ION
ZFOLVIOLF,BNFVZFOZZZVLF,20190605105542,002,000,ION
VNUIIOZPI,BNUUZNZZZFNZV,20190605105542,002,000,ION
LZLUOIUOOU,BNFVZNNIURFZI,20190605105542,002,000,LZ
ZIINLNNZP,BNUUZNOZZNZZF,20190605105542,002,000,ION
ZIZRZZOOV,BNFVZNUOFZFUP,20190605105541,002,000,ION
LZOIFNZ,BNFVZNNIUPNFZ,20190605105541,002,000,ION
RZPOVLROROR,BURVZNNIUORPI,20190605105541,002,000,R
VIVLORIRN,BNFVZFPLNZFLR,20190605105540,002,000,ION
IULOUNFIR,BNUUZNZLLNOII,20190605105540,002,000,ION
LLRPZLOIFIUP,BNFVZNNIUOVOU,20190605105540,002,000,LL
ZIIIFFZOP,BNFVZFUZRUUPFI,20190605105539,002,000,ION
VVZORUFUU,BNFVZNLNFZNLI,20190605105539,002,000,ION
ZIRZNVUOP,BNFVZNNUNNFLO,20190605105538,002,000,ION
ZNVLOOUNL,BNFVZVRRUORLI,20190605105538,002,000,ION
VNNVVURUU,BNUUDUZNZUUZIZZOLPLL,20190605105538,002,000,ION
VNULNZLVV,BNUUZNLZIONOR,20190605105538,002,000,ION
ILFNRIPNNNR,BNFVZFPUVRIPZ,20190605105537,002,000,IL
ZFRVNNLLR,BNFVZNOFLOIFV,20190605105537,002,000,ION
ILFNOLVLLVL,BNFVZNNIUORNN,20190605105537,002,000,IL
LPORZVRUVNV,BURVZNPOLPNPL,20190605105536,002,000,LP
VNUNNLLZV,BNUUZNLVZVRPV,20190605105536,002,000,ION
VNUIILLNI,BNUUDUZNVLOVNVZFVPVU,20190605105536,002,000,ION
VVUPULVUV,BNUUZNNNNFIVV,20190605105535,002,000,ION
VLLZVIVPFIFO,BNFVZNIPFIOPN,20190605105535,002,000,VLL
IUUIUNFUN,BNUUZNZNPRFUR,20190605105535,002,000,ION
ZFUNOUOVI,BNFVZNOFUNNUN,20190605105534,002,000,ION
ZIZINZRLI,BNFVZNUZFFPIR,20190605105534,002,000,ION
VNUIOVOPR,BNUUZNRLPUFLZ,20190605105534,002,000,ION
VOPPLFFNPOIP,BNFVZNULOVOIO,20190605105533,002,000,VOP
IUUUVIVUU,BURVZNPUIVNFU,20190605105533,002,000,ION
LUROVIORRIO,BNFVZVLUNUUNP,20190605105532,002,000,LU
IOVFVNFFOUFR,BNFVZNVLUPFNP,20190605105532,002,000,IOV
VNULPOOUU,BNUUZNPNUONOL,20190605105532,002,000,ION
INFNNLINULR,BNFVZNNIUPZOL,20190605105532,002,000,IN
ILFROLUVPIN,BURVDUZNZUUZFVPIPRPN,20190605105531,002,000,IL
ILFRNVFZVUR,BNFVZNNIURZLP,20190605105531,002,000,IL
LLVUIRIPOILN,BNFVZNNIUPPVU,20190605105530,002,000,LL
ZVROPULLU,BNFVZNNFFLPUU,20190605105530,002,000,ION
